<?xml version="1.0" encoding="UTF-8"?>
<SoftwareLegalInformation>
  <OutputDateTime>2017-01-18T00:22:33.355Z</OutputDateTime>
  <CopyrightNotations>
    <TechnologyName>NintendoSDK_libcurl</TechnologyName>
    <TechnologyName>NintendoSDK_movie</TechnologyName>
    <TechnologyName>NEX</TechnologyName>
  </CopyrightNotations>
  <DeclarationRequiredNotations>
    <TechnologyName>Unity</TechnologyName>
    <TechnologyName>NintendoSDK_libcurl</TechnologyName>
    <TechnologyName>NintendoSDK_movie</TechnologyName>
    <TechnologyName>NEX</TechnologyName>
    <TechnologyName>nlib_LZ4</TechnologyName>
    <TechnologyName>nlib_bsdiff</TechnologyName>
  </DeclarationRequiredNotations>
  <ProductRegions>
    <Usa>true</Usa>
    <Japan>false</Japan>
    <Europe>false</Europe>
  </ProductRegions>
  <FormatVersion>0.0.6</FormatVersion>
  <ApplicationId>0x010066c002052000</ApplicationId>
  <DataHash>9d435539b2612b749ca676213ca2c416</DataHash>
</SoftwareLegalInformation>
